Date,Price
20250807,69.7
20250806,68.2
20250805,68.7
20250804,68.6
20250801,68.4
20250731,68.9
20250730,70.9
20250729,70.5
20250728,71.5
20250725,72.5
20250724,70.4
20250723,68.4
20250722,69.4
20250721,67.8
20250718,65.8
20250717,63.9
20250716,63.9
20250715,63.5
20250714,64.2
20250711,62.7
20250710,62.6
20250709,62.5
20250708,62.3
20250707,61.8
20250704,61.9
20250703,62
20250702,61
20250701,59.5
20250630,59.8
20250627,59.9
20250626,58.9
20250625,58.4
20250624,58
20250623,57.7
20250620,58.1
20250619,58.5
20250618,58.5
20250617,58.5
20250616,58.5
20250613,58.9
20250612,59.2
20250611,59.4
20250610,59.4
20250609,59.4
20250606,59.4
20250605,58.7
20250604,58.7
20250603,58.7
20250530,58.9
20250529,58.5
20250528,59.5
20250527,60.1
20250526,60.4
20250523,60.9
20250522,60.9
20250521,60.9
20250520,60.5
20250519,61.2
20250516,62.2
20250515,63.2
20250514,63.5
20250513,62.7
20250512,62.9
20250509,63.1
20250508,63.4
20250507,64.2
20250506,65
20250430,65.7
20250429,65.9
20250428,66.7
20250427,67.7
20250425,67.7
20250424,67.7
20250423,67.7
20250422,68
20250421,68.7
20250418,69.4
20250417,69.7
20250416,69.7
20250415,69.7
20250414,70
20250411,69.8
20250410,70
20250409,69.5
20250408,70.2
20250407,70.7
20250403,71.9
20250402,72.1
20250401,72.1
20250331,71.8
20250328,72
20250327,72
20250326,71.5
20250325,71.5
20250324,71.5
20250321,71.5
20250320,72
20250319,72.8
20250318,73
20250317,73
20250314,72.5
20250313,72.5
20250312,72.5
20250311,72.5
20250310,72.5
20250307,72.5
20250306,72
20250305,72
20250304,72
20250303,72
20250228,72
20250227,72
20250226,72
20250225,72
20250224,72
20250221,72.5
20250220,72.5
20250219,72.5
20250218,72.5
20250217,72.5
20250214,73
20250213,73
20250212,73
20250211,73
20250210,73
20250208,73
20250207,73
20250206,73
20250205,73.5
20250124,73.5
20250123,73.5
20250122,73.5
20250121,74
20250120,73.5
20250117,73.5
20250116,73.5
20250115,73.5
20250114,73
20250113,72
20250110,72
20250109,72
20250108,72
20250107,72
20250106,72
20250103,72
20250102,72.5
20241231,72.5
20241230,72.5
20241227,72.5
20241226,72.5
20241225,72.5
20241224,72.5
20241223,72.5
20241220,72.5
20241219,72.5
20241218,73
20241217,73
20241216,73
20241213,73
20241212,73
20241211,73
20241210,73
20241209,73
20241206,73.5
20241205,74
20241204,74.5
20241203,74.5
20241202,75
20241129,75
20241128,75
20241127,75
20241126,76.5
20241125,76.5
20241122,76.5
20241121,76.5
20241120,76.5
20241119,76.5
20241118,76.5
20241115,76
20241114,76
20241113,75
20241112,73
20241111,73
20241108,73
20241107,72.5
20241106,72.5
20241105,72.5
20241104,71
20241101,70.5
20241031,70.5
20241030,70.5
20241029,70.5
20241028,70.5
20241025,69.5
20241024,69.5
20241023,69.5
20241022,69.5
20241021,69.5
20241018,69.5
20241017,70.5
20241016,70.5
20241015,71.5
20241014,71.5
20241012,72
20241011,72
20241010,73.5
20241009,73.5
20241008,73.5
20240927,72.5
20240926,70.5
20240925,70.5
20240924,70.5
20240923,70.5
20240920,70.5
20240919,70.5
20240918,70.5
20240914,70.5
20240913,70.5
20240912,70.5
20240911,69.5
20240910,69.5
20240909,69.5
20240906,69.5
20240905,70.5
20240904,71.5
20240903,71.5
20240902,71.5
20240830,71.5
20240829,71
20240828,70.5
20240827,70.5
20240826,70.5
20240823,70.5
20240822,71
20240821,69.5
20240820,69.5
20240819,69.5
20240816,69.5
20240815,70.5
20240814,72.5
20240813,72.5
20240812,72.5
20240809,72.5
20240808,73.5
20240807,74.5
20240806,75.5
20240805,75.5
20240802,75.5
20240801,77
20240731,79.5
20240730,81.5
20240729,81.5
20240726,81.5
20240725,81.5
20240724,81.5
20240723,81.5
20240722,81.5
20240719,81.5
20240718,82.5
20240717,83.5
20240716,83.5
20240715,85.5
20240712,87.5
20240711,87.5
20240710,87.5
20240709,87.5
20240708,87.5
20240705,87.5
20240704,87.5
20240703,87.5
20240702,87.5
20240701,87.5
20240628,87.5
20240627,87.5
20240626,87.5
20240625,87.5
20240624,89.5
20240621,89.5
20240620,89.5
20240619,91.5
20240618,93.5
20240617,95.5
20240614,95.5
20240613,95.5
20240612,95.5
20240611,97.5
20240607,98.5
20240606,98.5
20240605,98.5
20240604,100.5
20240603,101.5
20240531,103.5
20240530,103.5
20240529,103.5
20240528,103.5
20240527,103.5
20240524,103.5
20240523,103.5
20240522,103.5
20240521,103.5
20240520,103.5
20240517,103.5
20240516,103.5
20240515,103.5
20240514,106.5
20240513,106.5
20240511,106.5
20240510,107.5
20240509,108.5
20240508,109.5
20240507,109.5
20240506,109.5
20240430,109.5
20240429,109.5
20240428,109.5
20240426,109.5
20240425,109.5
20240424,109.5
20240423,109.5
20240422,109.5
20240419,109.5
20240418,109.5
20240417,109.5
20240416,109.5
20240415,109.5
20240412,109.5
20240411,109.5
20240410,110.5
20240409,109.5
20240408,109.5
20240407,107.5
20240403,106.5
20240402,105.5
20240401,104.5
20240329,104.5
20240328,104.5
20240327,104.5
20240326,105.5
20240325,107.5
20240322,108.5
20240321,108.5
20240320,107.5
20240319,107.5
20240318,106.5
20240315,105.5
20240314,108.5
20240313,107.5
20240312,104.5
20240311,102.5
20240308,101.5
20240307,101.5
20240306,101.5
20240305,101.5
20240304,99.5
20240301,96.5
20240229,94.5
20240228,91.5
20240227,89.5
20240226,88
20240223,88
20240222,88
20240221,88
20240220,88
20240219,88.5
20240207,88.5
20240206,88.5
20240205,88.5
20240204,87.5
20240202,86.5
20240201,86.5
20240131,86.5
20240130,86.5
20240129,86.5
20240126,86.5
20240125,86.5
20240124,86.5
20240123,86.5
20240122,86.5
20240119,86.5
20240118,86.5
20240117,86.5
20240116,86.5
20240115,86.5
20240112,86.5
20240111,86.5
20240110,86.5
20240109,86.5
20240108,86.5
20240105,86.5
20240104,86.5
20240103,86.5
20240102,86.5
20231229,86.5
20231228,86.5
20231227,86.5
20231226,86.5
20231225,86.5
20231222,86.5
20231221,86.5
20231220,88.5
20231219,88.5
20231218,88.5
20231215,88.5
20231214,88.5
20231213,88.5
20231212,89.5
20231211,90.5
20231208,90.5
20231207,90.5
20231206,90.5
20231205,95.5
20231204,100.5
20231201,104.5
20231130,107.5
20231129,109.5
20231128,112.5
20231127,117.5
20231124,120.5
20231123,123.5
20231122,126.5
20231121,129.5
20231120,131.5
20231117,131.5
20231116,135.5
20231115,139.5
20231114,143.5
20231113,144.5
20231110,144.5
20231109,147.5
20231108,147.5
20231107,149.5
20231106,153.5
20231103,154.5
20231102,154.5
20231101,154.5
20231031,154.5
20231030,155.5
20231027,155.5
20231026,157.5
20231025,159.5
20231024,157.5
20231023,158.5
20231020,162.5
20231019,163.5
20231018,165.5
20231017,165.5
20231016,162.5
20231013,158.5
20231012,155.5
20231011,153.5
20231010,153.5
20231009,153.5
20230927,153.5
20230926,153.5
20230925,153.5
20230922,155.5
20230921,155.5
20230920,157.5
20230919,161.5
20230918,162.5
20230915,166.5
20230914,172.5
20230913,175.5
20230912,180.5
20230911,186.5
20230908,192.5
20230907,192.5
20230906,192.5
20230905,195.5
20230904,195.5
20230901,195.5
20230831,195.5
20230830,197.5
20230829,201.5
20230828,202.5
20230825,202.5
20230824,202.5
20230823,202.5
20230822,202.5
20230821,202.5
20230818,212.5
20230817,222.5
20230816,227.5
20230815,233.5
20230814,240.5
20230811,247.5
20230810,247.5
20230809,247.5
20230808,252.5
20230807,257.5
20230804,257.5
20230803,257.5
20230802,257.5
20230801,257.5
20230731,257.5
20230728,262.5
20230727,270.5
20230726,275.5
20230725,280.5
20230724,287.5
20230721,287.5
20230720,292.5
20230719,292.5
20230718,292.5
20230717,297.5
20230714,297.5
20230713,297.5
20230712,302.5
20230711,302.5
20230710,302.5
20230707,302.5
20230706,302.5
20230705,302.5
20230704,302.5
20230703,302.5
20230630,302.5
20230629,302.5
20230628,302.5
20230627,302.5
20230626,304.5
20230625,304.5
20230621,304.5
20230620,305.5
20230619,305.5
20230616,305.5
20230615,305.5
20230614,305.5
20230613,305.5
20230612,305.5
20230609,305.5
20230608,300.5
20230607,292.5
20230606,292.5
20230605,292.5
20230602,287.5
20230601,280.5
20230531,280.5
20230530,280.5
20230529,280.5
20230526,280.5
20230525,280.5
20230524,282.5
20230523,282.5
20230522,267.5
20230519,247.5
20230518,232.5
20230517,219.5
20230516,209.5
20230515,199.5
20230512,189.5
20230511,189.5
20230510,184.5
20230509,179.5
20230508,174.5
20230506,169.5
20230505,165.5
20230504,161.5
20230428,161.5
20230427,157.5
20230426,154.5
20230425,152.5
20230424,152.5
20230423,154.5
20230421,157.5
20230420,160.5
20230419,160.5
20230418,164.5
20230417,169.5
20230414,174.5
20230413,179.5
20230412,182.5
20230411,182.5
20230410,185.5
20230407,188.5
20230406,188.5
20230404,188.5
20230403,193.5
20230331,198.5
20230330,204.5
20230329,210.5
20230328,216.5
20230327,222.5
20230324,228.5
20230323,235.5
20230322,242.5
20230321,248.5
20230320,255.5
20230317,262.5
20230316,267.5
20230315,269.5
20230314,274.5
20230313,282.5
20230310,285.5
20230309,295.5
20230308,304.5
20230307,313.5
20230306,322.5
20230303,322.5
20230302,325.5
20230301,331.5
20230228,341.5
20230227,351.5
20230224,351.5
20230223,361.5
20230222,372.5
20230221,383.5
20230220,389.5
20230217,397.5
20230216,402.5
20230215,403.5
20230214,415.5
20230213,415.5
20230210,415.5
20230209,420.5
20230208,422.5
20230207,427.5
20230206,427.5
20230203,427.5
20230202,437.5
20230201,440.5
20230131,447.5
20230130,447.5
20230118,447.5
20230117,447.5
20230116,447.5
20230113,447.5
20230112,449.5
20230111,449.5
20230110,452.5
20230109,452.5
20230106,459.5
20230105,467.5
20230104,472.5
20230103,474.5
20221230,474.5
20221229,477.5
20221228,482.5
20221227,482.5
20221226,492.5
20221223,497.5
20221222,510.5
20221221,512.5
20221220,517.5
20221219,519.5
20221216,520.5
20221215,527.5
20221214,527.5
20221213,532.5
20221212,535.5
20221209,537.5
20221208,540.5
20221207,540.5
20221206,543.5
20221205,559.5
20221202,559.5
20221201,562.5
20221130,562.5
20221129,562.5
20221128,562.5
20221125,562.5
20221124,565.5
20221123,575.5
20221122,576.5
20221121,576.5
20221118,576.5
20221117,576.5
20221116,576.5
20221115,578.5
20221114,581.5
20221111,581.5
20221110,577.5
20221109,577.5
20221108,577.5
20221107,574.5
20221104,572.5
20221103,562.5
20221102,557.5
20221101,557.5
20221031,550.5
20221028,549.5
20221027,547.5
20221026,547.5
20221025,540.5
20221024,540.5
20221021,540.5
20221020,525.5
20221019,525.5
20221018,525.5
20221017,525.5
20221014,524.5
20221013,514.5
20221012,509.5
20221011,507.5
20221010,501.5
20220929,494.5
20220928,494.5
20220927,494.5
20220926,489.5
20220923,486.5
20220922,486.5
20220921,486.5
20220920,486.5
20220919,485.5
20220916,485.5
20220915,482.5
20220914,482.5
20220913,482.5
20220909,482.5
20220908,482.5
20220907,482.5
20220906,482.5
20220905,478.5
20220902,476.5
20220901,475.5
20220831,475.5
20220830,475.5
20220829,475.5
20220826,475.5
20220825,475.5
20220824,475.5
20220823,472.5
20220822,469.5
20220819,465.5
20220818,464.5
20220817,464.5
20220816,464.5
20220815,464.5
20220812,462.5
20220811,458.5
20220810,458.5
20220809,458.5
20220808,458.5
20220805,458.5
20220804,458.5
20220803,458.5
20220802,458.5
20220801,458.5
20220729,458.5
20220728,458.5
20220727,458.5
20220726,457.5
20220725,455.5
20220722,455.5
20220721,455.5
20220720,455.5
20220719,455.5
20220718,455.5
20220715,455.5
20220714,455.5
20220713,455.5
20220712,455.5
20220711,455.5
20220708,455.5
20220707,455.5
20220706,455.5
20220705,455.5
20220704,455.5
20220701,455.5
20220630,455.5
20220629,455.5
20220628,457.5
20220627,457.5
20220624,457.5
20220623,457.5
20220622,457.5
20220621,457.5
20220620,457.5
20220617,457.5
20220616,457.5
20220615,457.5
20220614,457.5
20220613,455.5
20220610,452.5
20220609,452.5
20220608,452.5
20220607,452.5
20220606,447.5
20220602,439.5
20220601,439.5
20220531,439.5
20220530,439.5
20220527,438.5
20220526,433.5
20220525,429.5
20220524,428.5
20220523,428.5
20220520,428.5
20220519,428.5
20220518,428.5
20220517,428.5
20220516,427.5
20220513,427.5
20220512,427.5
20220511,427.5
20220510,427.5
20220509,427.5
20220507,427.5
20220506,427.5
20220505,427.5
20220429,432.5
20220428,432.5
20220427,435.5
20220426,439.5
20220425,442.5
20220424,447.5
20220422,447.5
20220421,448.5
20220420,448.5
20220419,450.5
20220418,450.5
20220415,450.5
20220414,452.5
20220413,452.5
20220412,452.5
20220411,457.5
20220408,471.5
20220407,471.5
20220406,471.5
20220402,471.5
20220401,471.5
20220331,471.5
20220330,471.5
20220329,471.5
20220328,472.5
20220325,472.5
20220324,472.5
20220323,472.5
20220322,472.5
20220321,472.5
20220318,472.5
20220317,472.5
20220316,472.5
20220315,472.5
20220314,467.5
20220311,467.5
20220310,467.5
20220309,467.5
20220308,467.5
20220307,467.5
20220304,467.5
20220303,467.5
20220302,462.5
20220301,452.5
20220228,452.5
20220225,450.5
20220224,447.5
20220223,444.5
20220222,432.5
20220221,432.5
20220218,422.5
20220217,417.5
20220216,408.5
20220215,397.5
20220214,392.5
20220211,387.5
20220210,377.5
20220209,377.5
20220208,367.5
20220207,367.5
20220128,362.5
20220127,352.5
20220126,352.5
20220125,352.5
20220124,350.5
20220121,342.5
20220120,333.5
20220119,325.5
20220118,317.5
20220117,312.5
20220114,312.5
20220113,312.5
20220112,306.5
20220111,298.5
20220110,290.5
20220107,282.5
20220106,275.5
20220105,267.5
20220104,264.5
20211231,264.5
20211230,257.5
20211229,252.5
20211228,250.5
20211227,243.5
20211224,236.5
20211223,230.5
20211222,224.5
20211221,224.5
20211220,221.5
20211217,215.5
20211216,210.5
20211215,209.5
20211214,207.5
20211213,207.5
20211210,202.5
20211209,198.5
20211208,194.5
20211207,190.5
20211206,190.5
20211203,190.5
20211202,189.5
20211201,187.5
20211130,185.5
20211129,185.5
20211126,185.5
20211125,185.5
20211124,185.5
20211123,185.5
20211122,182.5
20211119,180.5
20211118,180.5
20211117,180.5
20211116,178.5
20211115,178.5
20211112,178.5
20211111,178.5
20211110,177.5
20211109,175.5
20211108,175.5
20211105,175.5
20211104,175.5
20211103,175.5
20211102,175.5
20211101,175.5
20211029,175.5
20211028,175.5
20211027,175.5
20211026,175.5
20211025,175.5
20211022,172.5
20211021,174.5
20211020,173
20211019,173
20211018,173
20211015,173
20211014,173
20211013,173
20211012,173
20211011,173
20210929,171
20210928,169
20210927,166
20210926,163
20210924,160
20210923,157
20210922,154
20210918,151
20210917,148
20210916,145
20210915,142
20210914,139
20210913,137
20210910,134
20210909,131
20210908,128
20210907,125
20210906,122
20210903,120
20210902,118
20210901,115
20210831,112
20210830,110
20210827,108
20210826,107
20210825,106
20210824,104
20210823,102
20210820,100
20210819,100
20210818,100
20210817,98
20210816,96
20210813,94
20210812,93
20210811,92
20210810,91
20210809,89
20210806,87
20210805,87
20210804,87
20210803,87
20210802,85
20210730,85
20210729,84
20210728,83
20210727,82
20210726,82
20210723,80
20210722,80
20210721,80
20210720,80
20210719,80
20210716,80
20210715,80
20210714,80
20210713,80
20210712,80
20210709,80
20210708,80
20210707,80
20210706,80
20210705,80
20210702,80
20210701,80
20210630,80
20210629,80
20210628,80
20210625,80
20210624,80
20210623,80
20210622,81
20210621,81
20210618,81
20210617,81
20210616,81
20210615,81
20210611,81
20210610,81
20210609,81
20210608,81
20210607,81
20210604,81
20210603,81
20210602,81
20210601,81
20210531,81
20210528,81
20210527,81
20210526,81
20210525,81
20210524,81
20210521,81.5
20210520,81.5
20210519,81.5
20210518,81.5
20210517,82
20210514,82
20210513,82
20210512,82
20210511,82
20210510,82
20210508,82
20210507,82
20210506,82
20210430,82
20210429,82
20210428,82
20210427,82
20210426,82
20210425,82
20210423,82
20210422,82
20210421,82
20210420,82
20210419,82
20210416,82
20210415,82
20210414,82
20210413,83
20210412,83
20210409,83
20210408,83
20210407,84
20210406,84
20210402,84
20210401,84
20210331,84
20210330,84
20210329,84
20210326,84
20210325,84
20210324,84
20210323,84
20210322,84
20210319,83
20210318,82
20210317,80
20210316,80
20210315,80
20210312,80
20210311,80
20210310,80
20210309,80
20210308,80
20210305,80
20210304,80
20210303,79.5
20210302,77.5
20210301,77.5
20210226,77
20210225,76
20210224,74
20210223,72
20210222,70
20210205,68.5
20210204,68.5
20210203,68.5
20210202,68.5
20210201,68.5
20210129,68
20210128,67.5
20210127,67.5
20210126,66
20210125,64.5
20210122,63
20210121,61.5
20210120,61.5
20210119,60
20210118,58.5
20210115,57
20210114,56
20210113,55
20210112,55
20210111,54
20210108,52.5
20210107,51.5
20210106,50.5
20210105,49.5
20210104,48.5
20201231,48.5
20201230,48
20201229,48
20201228,47
20201225,46
20201224,46
20201223,45.5
20201222,44.5
20201221,44
20201218,44
20201217,44
20201216,44
20201215,44
20201214,43.5
20201211,43
20201210,43
20201209,42
20201208,42
20201207,42
20201204,41
20201203,41
20201202,41
20201201,40
20201130,39
20201127,39
20201126,39
20201125,39
20201124,39
20201123,39
20201120,39
20201119,38.5
20201118,38
20201117,37.5
20201116,37.5
20201113,37
20201112,37
20201111,36.5
20201110,36.5
20201109,36.5
20201106,36.5
20201105,36.5
20201104,36
20201103,36
20201102,36
20201030,36
20201029,35.5
20201028,35.5
20201027,35.5
20201026,35.2
20201023,35
20201022,35
20201021,35
20201020,35
20201019,35
20201016,35
20201015,35
20201014,34.8
20201013,34.5
20201012,34.5
20200929,34.5
20200928,34.5
20200927,34.3
20200925,34.3
20200924,34.3
20200923,34.3
20200922,34.3
20200921,34.3
20200918,34
20200917,34
20200916,34
20200915,34
20200914,34
20200911,34
20200910,34
20200909,34
20200908,34
20200907,34
20200904,34
20200903,34
20200902,34
20200901,34
20200831,34
20200828,34
20200827,34
20200826,34
20200825,34
20200824,34
20200821,34
20200820,34
20200819,34.7
20200818,34.7
20200817,34.7
20200814,34.7
20200813,34.7
20200812,34.7
20200811,34.7
20200810,34.7
20200807,34.7
20200806,34.7
20200805,34.7
20200804,34.7
20200803,34.7
20200731,34.7
20200730,34.5
20200729,34.5
20200728,34.5
20200727,34.5
20200724,34.5
20200723,34.5
20200722,34.5
20200721,34.5
20200720,34.5
20200717,34.5
20200716,34.5
20200715,34.5
20200714,34
20200713,34
20200710,34
20200709,33.5
20200708,33.5
20200707,33.5
20200706,33.5
20200703,33.5
20200702,34
20200701,34
20200630,34
20200629,34
20200628,34
20200624,34
20200623,34
20200622,34
20200619,34.5
20200618,34.5
20200617,34.5
20200616,34.5
20200615,34.5
20200612,34.5
20200611,34.5
20200610,34.5
20200609,34.5
20200608,34.5
20200605,34.5
20200604,35
20200603,35
20200602,35
20200601,35.5
20200529,35.5
20200528,35.5
20200527,35.5
20200526,35.5
20200525,36
20200522,36
20200521,36.5
20200520,36.5
20200519,36.5
20200518,36.5
20200515,36.5
20200514,37
20200513,37
20200512,37
20200511,37.5
20200508,37.5
20200507,37.5
20200506,37.5
20200430,37.5
20200429,37.5
20200428,37.5
20200427,38
20200426,38
20200424,38
20200423,38.5
20200422,38.5
20200421,38.5
20200420,38.5
20200417,38.5
20200416,38.5
20200415,38.5
20200414,39
20200413,39
20200410,39
20200409,39.5
20200408,39.5
20200407,39.5
20200403,39.5
20200402,40
20200401,40
20200331,40
20200330,40
20200327,40
20200326,40
20200325,40
20200324,40
20200323,40
20200320,40
20200319,40
20200318,40
20200317,40
20200316,40
20200313,40
20200312,40
20200311,40
20200310,40
20200309,40
20200306,40
20200305,40
20200304,40
20200303,40
20200302,40
20200228,40
20200227,39.5
20200226,39.5
20200225,39.5
20200224,39
20200221,39
20200220,39
20200219,39
20200218,39
20200217,39
20200214,38.5
20200213,38.5
20200212,38.5
20200211,38.5
20200210,38.5
20200207,38.5
20200206,38.5
20200205,38.5
20200204,38.5
20200203,38.5
20200121,38.5
20200120,38.5
20200119,38.5
20200117,38.5
20200116,38.5
20200115,38.5
20200114,38.5
20200113,38.5
20200110,38.5
20200109,39.5
20200108,39.5
20200107,39.5
20200106,39.5
20200103,39.5
20200102,39.5
20191231,39.5
20191230,39.5
20191227,39.5
20191226,40.5
20191225,40.5
20191224,40.5
20191223,41.5
20191220,41.5
20191219,41.5
20191218,41.5
20191217,41.5
20191216,42
20191213,42
20191212,42.5
20191211,42.5
20191210,42.5
20191209,43
20191206,43.5
20191205,44
20191204,44.5
20191203,45
20191202,46
20191129,46
20191128,46.5
20191127,46.5
20191126,46.5
20191125,46.5
20191122,47
20191121,47
20191120,47
20191119,47.5
20191118,47.5
20191115,48
20191114,48.5
20191113,48.5
20191112,48.5
20191111,48.5
20191108,48.5
20191107,48.5
20191106,48.5
20191105,48.5
20191104,48.5
20191101,48.5
20191031,48.5
20191030,48.5
20191029,48.5
20191028,49
20191025,49.5
20191024,49.5
20191023,49.5
20191022,49.5
20191021,49.5
20191018,49.5
20191017,49.5
20191016,49.5
20191015,49.5
20191014,49.5
20191012,49.5
20191011,49.5
20191010,49.5
20191009,49.5
20191008,49.5
20190927,49.5
20190926,49.5
20190925,49.5
20190924,49.5
20190923,49.5
20190920,49.5
20190919,49.5
20190918,49.5
20190917,49.5
20190916,50
20190912,50
20190911,50
20190910,50
20190909,50
20190906,50
20190905,50
20190904,51.5
20190903,51.5
20190902,52
20190830,52
20190829,53
20190828,53
20190827,53
20190826,53.5
20190823,54.5
20190822,55.5
20190821,56.5
20190820,56.5
20190819,56.5
20190816,57
20190815,57
20190814,58
20190813,58
20190812,58.5
20190809,58.5
20190808,58.5
20190807,58.5
20190806,58.5
20190805,59
20190802,59.5
20190801,60.5
20190731,60.5
20190730,60.5
20190729,60.5
20190726,61.5
20190725,62.5
20190724,62.5
20190723,62.5
20190722,63
20190719,63
20190718,63
20190717,63
20190716,63
20190715,63
20190712,63
20190711,63
20190710,63
20190709,63.5
20190708,63.5
20190705,63.5
20190704,64
20190703,64
20190702,64
20190701,64
20190628,65
20190627,65
20190626,65
20190625,65
20190624,66
20190621,66
20190620,66
20190619,66
20190618,66
20190617,66
20190614,66
20190613,66.5
20190612,66.5
20190611,66.5
20190610,66.5
20190606,66.5
20190605,66.5
20190604,66.5
20190603,66.5
20190531,66.5
20190530,66.5
20190529,66.5
20190528,66.5
20190527,66.5
20190524,66.5
20190523,66.5
20190522,66.5
20190521,66.5
20190520,66.5
20190517,66.5
20190516,66.5
20190515,66.5
20190514,66.5
20190513,66
20190510,66
20190509,72
20190508,66
20190507,66
20190506,65.5
20190430,65.5
20190429,65.5
20190426,65
20190425,65
20190424,65
20190423,65
20190422,64.5
20190419,64.5
20190418,72
20190417,64.5
20190416,64.5
20190415,64.5
20190412,64.5
20190411,64.5
20190410,64.5
20190409,64.5
20190408,65
20190405,65
20190404,65
20190403,65
20190402,65
20190401,65
20190329,65.5
20190328,65.5
20190327,65.5
20190326,65.5
20190325,65.5
20190322,65.5
20190321,65.5
20190320,65.5
20190319,65.5
20190318,65.5
20190315,65.5
20190314,65.5
20190313,65.5
20190312,65.5
20190311,66.5
20190308,66.5
20190307,67.5
20190306,67.5
20190305,67.5
20190304,67.5
20190301,67.5
20190228,68.5
20190227,68.5
20190226,68.5
20190225,63.5
20190222,68.5
20190221,68.5
20190220,68.5
20190219,68.5
20190218,67.5
20190215,67.5
20190214,67.5
20190213,67.5
20190212,67.5
20190211,67.5
20190201,67.5
20190131,67.5
20190130,67.5
20190129,67.5
20190128,67.5
20190125,67.5
20190124,67.5
20190123,67.5
20190122,67.5
20190121,67.5
20190118,67.5
20190117,67.5
20190116,67.5
20190115,67.5
20190114,68.5
20190111,68.5
20190110,68.5
20190109,68.5
20190108,68.5
20190107,68.5
20190104,68.5
20190103,68.5
20190102,68.5
20181229,68.5
20181228,68.5
20181227,68.5
20181226,68.5
20181225,68.5
20181224,68.5
20181221,69.5
20181220,69.5
20181219,69.5
20181218,70
20181217,70
20181214,70
20181213,70
20181212,70
20181211,70
20181210,70
20181207,70
20181206,70
20181205,70
20181204,70
20181203,70
20181130,70
20181129,70
20181128,70
20181127,70
20181126,70
20181123,70
20181122,70
20181121,70
20181120,70
20181119,70
20181116,70
20181115,70
20181114,70
20181113,70
20181112,70
20181109,70
20181108,70
20181107,70
20181106,70
20181105,70
20181102,70
20181101,70
20181031,69
20181030,69
20181029,68
20181026,68
20181025,68
20181024,68
20181023,68
20181022,68
20181019,68
20181018,68
20181017,68
20181016,68
20181015,68
20181012,68
20181011,68
20181010,68
20181009,69.5
20181008,71
20180929,71
20180928,71
20180927,71
20180926,71
20180925,71
20180921,71
20180920,71
20180919,72.5
20180918,72.5
20180917,73.5
20180914,74.5
20180913,74.5
20180912,74.5
20180911,74.5
20180910,74.5
20180907,74.5
20180906,74.5
20180905,74.5
20180904,74.5
20180903,74.5
20180831,74.5
20180830,74.5
20180829,74.5
20180828,74.5
20180827,76.5
20180824,78.5
20180823,78.5
20180822,79.5
20180821,79.5
20180820,79.5
20180817,79.5
20180816,79.5
20180815,79.5
20180814,80.5
20180813,82.5
20180810,83.5
20180809,83.5
20180808,83.5
20180807,83.5
20180806,83.5
20180803,84.5
20180802,85.5
20180801,87.5
20180731,89.5
20180730,89.5
20180727,89.5
20180726,91.5
20180725,91.5
20180724,91.5
20180723,93.5
20180720,95.5
20180719,95.5
20180718,95.5
20180717,95.5
20180716,95.5
20180713,95.5
20180712,95.5
20180711,95.5
20180710,95.5
20180709,97.5
20180706,97.5
20180705,97.5
20180704,99.5
20180703,102.5
20180702,102.5
20180629,102.5
20180628,102.5
20180627,102.5
20180626,104.5
20180625,104.5
20180622,104.5
20180621,104.5
20180620,104.5
20180619,107.5
20180615,110.5
20180614,113.5
20180613,113.5
20180612,113.5
20180611,113.5
20180608,113.5
20180607,115.5
20180606,118.5
20180605,118.5
20180604,121.5
20180601,121.5
20180531,121.5
20180530,123.5
20180529,125.5
20180528,128.5
20180525,131.5
20180524,131.5
20180523,131.5
20180522,131.5
20180521,131.5
20180518,131.5
20180517,131.5
20180516,131.5
20180515,131.5
20180514,131.5
20180511,131.5
20180510,131.5
20180509,131.5
20180508,131.5
20180507,131.5
20180504,131.5
20180503,131.5
20180502,132.5
20180428,133.5
20180427,133.5
20180426,133.5
20180425,133.5
20180424,133.5
20180423,134.5
20180420,134.5
20180419,134.5
20180418,134.5
20180417,134.5
20180416,135.5
20180413,138.5
20180412,138.5
20180411,138.5
20180410,138.5
20180409,139.5
20180408,153.5
20180404,140.5
20180403,142.5
20180402,144.5
20180330,144.5
20180329,144.5
20180328,144.5
20180327,144.5
20180326,144.5
20180323,144.5
20180322,144.5
20180321,144.5
20180320,144.5
20180319,144.5
20180316,144.5
20180315,144.5
20180314,144.5
20180313,144.5
20180312,144.5
20180309,144.5
20180308,144.5
20180307,144.5
20180306,144.5
20180305,144.5
20180302,144.5
20180301,144.5
20180228,144.5
20180227,144.5
20180226,144.5
20180223,144.5
20180222,144.5
20180209,144.5
20180208,144.5
20180207,144.5
20180206,144.5
20180205,144.5
20180202,144.5
20180201,144.5
20180131,144.5
20180130,144.5
20180129,144.5
20180126,144.5
20180125,144.5
20180124,144.5
20180123,146.5
20180122,146.5
20180119,146.5
20180118,146.5
20180117,146.5
20180116,146.5
20180115,146.5
20180112,148.5
20180111,148.5
20180110,148.5
20180109,148.5
20180108,150
20180105,150
20180104,150
20180103,151
20180102,150
20171229,150
20171228,150
20171227,150
20171226,150
20171225,150
20171222,150
20171221,150
20171220,152
20171219,152
20171218,152
20171215,152
20171214,155
20171213,155
20171212,155
20171211,155
20171208,155
20171207,155
20171206,155
20171205,155
20171204,155
20171201,155
20171130,155
20171129,155
20171128,155
20171127,155
20171124,155
20171123,155
20171122,155
20171121,155
20171120,155
20171117,155
20171116,155
20171115,155
20171114,155
20171113,155
20171110,155
20171109,155
20171108,155
20171107,155
20171106,155
20171103,155
20171102,155
20171101,152
20171031,152
20171030,152
20171027,152
20171026,152
20171025,152
20171024,152
20171023,152
20171020,152
20171019,152
20171018,152
20171017,152
20171016,152
20171013,152
20171012,152
20171011,149
20171010,146
20171009,146
20171006,146
20171005,146
20171004,146
20171003,146
20171002,146
20170929,146
20170928,146
20170927,146
20170926,146
20170925,146
20170922,146
20170921,146
20170920,146
20170919,146
20170918,146
20170915,146
20170914,146
20170913,146
20170912,146
20170911,146
20170908,144
20170907,144
20170906,144
20170905,136
20170904,129
20170901,129
20170831,129
20170830,129
20170829,129
20170828,129
20170825,129
20170824,129
20170823,129
20170822,129
20170821,128
20170818,128
20170817,128
20170816,128
20170815,128
20170814,126
20170811,126
20170810,126
20170809,126
20170808,126
20170807,126
20170804,126
20170803,126
20170802,126
20170801,126
20170731,126
20170728,126
20170727,126
20170726,126
20170725,126
20170724,126
20170721,126
20170720,126
20170719,126
20170718,126
20170717,126
20170714,126
20170713,126
20170712,126
20170711,126
20170710,126
20170707,126
20170706,126
20170705,126
20170704,126
20170703,126
20170630,126
20170629,126
20170628,124
20170627,124
20170626,124
20170623,124
20170622,124
20170621,124
20170620,124
20170619,124
20170616,124
20170615,124
20170614,124
20170613,124
20170612,124
20170609,124
20170608,124
20170607,124
20170606,124
20170605,124
20170602,124
20170601,124
20170531,124
20170527,124
20170526,124
20170525,124
20170524,124
20170523,124
20170522,124
20170519,124
20170518,123
20170517,123
20170516,123
20170515,123
20170512,123
20170511,123
20170510,123
20170509,123
20170508,122
20170505,122
20170504,122
20170503,122
20170502,122
20170428,119
20170427,119
20170426,119
20170425,119
20170424,119
20170421,119
20170420,119
20170419,119
20170418,119
20170417,119
20170414,119
20170413,119
20170412,119
20170411,119
20170410,116
20170407,116
20170406,116
20170405,116
20170401,116
20170331,116
20170330,116
20170329,116
20170328,115
20170327,115
20170324,115
20170323,115
20170322,115
20170321,115
20170320,115
20170317,115
20170316,115
20170315,115
20170314,115
20170313,113
20170310,113
20170309,113
20170308,113
20170307,113
20170306,113
20170303,113
20170302,113
20170301,113
20170228,113
20170227,113
20170224,113
20170223,113
20170222,113
20170221,113
20170220,113
20170217,113
20170216,113
20170215,113
20170214,113
20170213,113
20170210,113
20170209,113
20170208,113
20170207,113
20170206,113
20170125,113
20170124,113
20170123,113
20170122,113
20170120,113
20170119,113
20170118,113
20170117,113
20170116,113
20170113,113
20170112,113
20170111,113
20170110,113
20170109,113
20170106,113
20170105,113
20170104,113
20170103,113
20161230,113
20161229,113
20161228,113
20161227,113
20161226,113
20161223,113
20161222,113
20161221,113
20161220,113
20161219,113
20161216,113
20161215,113
20161214,113
20161213,113
20161212,113
20161209,113
20161208,113
20161207,113
20161206,113
20161205,113
20161202,113
20161201,113
20161130,113
20161129,113
20161128,113
20161125,115
20161124,115
20161123,115
20161122,115
20161121,115
20161118,115
20161117,115
20161116,115
20161115,115
20161114,115
20161111,115
20161110,115
20161109,115
20161108,112
20161107,112
20161104,112
20161103,112
20161102,112
20161101,112
20161031,112
20161028,112
20161027,112
20161026,112
20161025,112
20161024,112
20161021,112
20161020,112
20161019,112
20161018,112
20161017,112
20161014,112
20161013,112
20161012,112
20161011,112
20161010,112
20161009,112
20161008,114
20160930,114
20160929,114
20160928,116
20160927,116
20160926,116
20160923,116
20160922,116
20160921,116
20160920,116
20160919,116
20160916,116
20160915,116
20160914,116
20160913,116
20160912,116
20160909,116
20160908,116
20160907,116
20160906,116
20160905,116
20160902,116
20160901,116
20160831,116
20160830,116
20160829,116
20160826,116
20160825,116
20160824,117
20160823,117
20160822,117
20160819,119
20160818,119
20160817,122
20160816,122
20160815,124
20160812,124
20160811,124
20160810,124
20160809,124
20160808,124
20160805,126
20160804,126
20160803,126
20160802,129
20160801,129
20160729,129
20160728,129
20160727,129
20160726,129
20160725,129
20160722,129
20160721,129
20160720,129
20160719,129
20160718,129
20160715,129
20160714,129
20160713,129
20160712,129
20160711,129
20160708,129
20160707,129
20160706,129
20160705,129
20160704,129
20160701,129
20160630,129
20160629,129
20160628,129
20160627,129
20160624,129
20160623,129
20160622,129
20160621,134
20160620,134
20160617,134
20160616,134
20160615,134
20160614,134
20160613,134
20160612,134
20160608,134
20160607,134
20160606,134
20160603,134
20160602,134
20160601,134
20160531,134
20160530,134
20160527,134
20160526,134
20160525,134
20160524,134
20160520,134
20160519,134
20160518,134
20160517,142
20160516,142
20160513,142
20160512,142
20160511,139
20160510,139
20160509,139
20160506,139
20160505,139
20160503,139
20160502,139
20160429,139
20160428,139
20160427,139
20160426,139
20160425,139
20160422,139
20160421,139
20160420,139
20160419,139
20160418,139
20160415,143
20160414,143
20160413,143
20160412,143
20160411,143
20160408,143
20160407,143
20160406,143
20160405,143
20160404,143
20160401,143
20160331,143
20160330,143
20160329,143
20160328,143
20160325,143
20160324,143
20160323,143
20160322,143
20160321,143
20160318,143
20160317,143
20160316,143
20160315,143
20160314,143
20160311,143
20160310,143
20160309,143
20160308,143
20160307,143
20160304,141
20160303,141
20160302,141
20160301,141
20160229,140
20160226,140
20160225,140
20160224,140
20160223,137
20160222,134
20160219,134
20160218,131
20160217,126
20160216,126
20160215,126
20160212,126
20160205,126
20160204,126
20160203,126
20160202,126
20160201,126
20160129,126
20160128,126
20160127,126
20160126,126
20160125,126
20160122,126
20160121,124
20160120,114
20160119,104
20160118,104
20160115,104
20160114,104
20160113,104
20160112,104
20160111,104
20160108,104
20160107,104
20160106,104
20160105,104
20160104,104
20151231,104
20151230,104
20151229,101
20151228,101
20151225,101
20151224,101
20151223,101
20151222,101
20151221,99
20151218,99
20151217,99
20151216,96
20151215,91
20151214,86
20151211,86
20151210,81
20151209,76
20151208,74
20151207,71
20151204,71
20151203,69
20151202,67
20151201,64
20151130,64
20151127,63
20151126,61
20151125,61
20151124,61
20151123,59
20151120,59
20151119,58
20151118,56
20151117,54
20151116,54
20151113,54
20151112,54
20151111,54
20151110,54
20151109,53
20151106,53
20151105,53
20151104,52
20151103,51
20151102,51
20151030,50
20151029,50
20151028,49
20151027,48.5
20151026,48.5
20151023,48
20151022,47
20151021,46
20151020,44.5
20151019,44.5
20151016,44.5
20151015,44.5
20151014,44.5
20151013,44
20151012,44
20151009,44
20151008,44
20150930,44
20150929,44
20150925,44
20150924,44
20150923,44
20150922,44
20150921,44
20150918,44
20150917,44
20150916,44
20150915,44
20150914,44
20150911,44
20150910,44
20150909,44
20150908,44
20150907,44
20150902,44
20150901,44
20150831,44
20150828,44
20150827,44
20150826,44
20150825,44
20150824,43.9
20150821,43.9
20150820,43.9
20150819,43.8
20150818,43.8
20150817,43.8
20150814,43.8
20150813,43.8
20150812,43.8
20150811,43.8
20150810,43.8
20150807,43.8
20150806,43.8
20150805,43.8
20150804,43.8
20150803,43.8
20150731,43.8
20150730,43.8
20150729,43.8
20150728,43.8
20150727,43.8
20150724,43.8
20150723,43.8
20150722,43.8
20150721,43.5
20150720,43.5
20150717,43.5
20150716,43.5
20150715,43.5
20150714,43.5
20150713,43.5
20150710,43.5
20150709,43.5
20150708,43.5
20150707,43.5
20150706,43.5
20150703,43.5
20150702,43.5
20150701,43.5
20150630,43.5
20150629,43.5
20150626,43.5
20150625,43.5
20150624,43.5
20150623,44
20150619,44
20150618,44
20150617,44
20150616,44
20150615,44
20150612,44
20150611,44
20150610,44
20150609,44
20150608,44
20150605,44
20150604,44
20150603,44
20150602,44
20150601,43
20150529,42.5
20150528,42.5
20150527,42.5
20150526,42.5
20150525,42.5
20150522,42.5
20150521,42.5
20150520,42.5
20150519,42.5
20150518,42.5
20150515,42.5
20150514,42.5
20150513,42.5
20150512,42.5
20150511,42.5
20150508,42.5
20150507,42.5
20150506,42.5
20150505,42.5
20150504,42.5
20150430,42.5
20150429,42.5
20150428,42.5
20150427,42.5
20150424,42.5
20150423,42.5
20150422,42.5
20150421,42.5
20150420,42.5
20150417,42.5
20150416,42.5
20150415,42.5
20150414,42
20150413,42
20150410,42
20150409,42
20150408,41.8
20150407,41.5
20150406,41.5
20150403,41
20150402,40.5
20150401,40.5
20150331,40.5
20150330,40.5
20150327,40.5
20150326,40.5
20150325,40.5
20150324,40.5
20150323,40.5
20150320,40.5
20150319,40.5
20150318,40.5
20150317,40.5
20150316,40.5
20150313,40.5
20150312,40.5
20150311,40.5
20150310,40.5
20150309,40.5
20150306,40.5
20150305,40.5
20150304,40.5
20150303,40
20150302,40
20150227,39.3
20150226,39.3
20150225,39.3
20150224,39.3
20150223,39.3
20150220,39.3
20150213,39.3
20150212,39.2
20150211,39
20150210,39
20150209,39
20150206,39
20150205,39
20150204,39
20150203,39
20150202,39
20150130,39
20150129,39
20150128,39
20150127,39
20150126,39
20150123,39
20150122,39
20150121,39
20150120,39
20150119,39
20150116,39
20150115,39
20150114,39
20150113,38.5
20150112,38.5
20150109,38.5
20150108,38.5
20150107,38.5
20150106,38.5
20150105,38.5
20150102,38
20150101,38
20141231,36
20141230,36
20141229,38
20141226,38
20141225,38
20141224,38
20141223,37.5
20141222,37.5
20141219,37.5
20141218,37.5
20141217,37.5
20141216,37.5
20141215,37.5
20141212,37
20141211,37
20141210,37
20141209,37
20141208,37
20141205,37
20141204,37
20141203,36
20141202,36
20141201,36
20141128,36
20141127,36
20141126,36
20141125,36
20141124,36
20141121,36
20141120,36
20141119,36
20141118,36
20141117,36
20141114,36
20141113,36
20141112,35.7
20141111,35.7
20141110,35.7
20141107,35.7
20141106,35.7
20141105,35.7
20141104,35.7
20141103,35.7
20141031,35.7
20141030,35.5
20141029,35.5
20141028,35.5
20141027,35.5
20141024,35.5
20141023,35.5
20141022,35.5
20141021,35.5
20141020,35.5
20141017,35.5
20141016,35.5
20141015,35.5
20141014,35.5
20141013,35.5
20141010,35.5
20141009,35.5
20141008,35.5
20141007,35
20141006,35
20141003,35
20141002,35
20141001,35
20140930,35
20140929,35
20140926,35
20140925,35
20140924,35
20140923,35
20140922,35
20140919,35
20140918,35
20140917,35
20140916,35
20140915,35
20140912,35
20140911,35
20140910,35
20140909,35
20140908,35
20140905,35
20140904,35
20140903,35
20140902,35
20140901,35
20140829,35
20140828,35
20140827,35
20140826,35
20140825,35
20140822,35
20140821,35
20140820,35
20140819,35
20140818,35
20140815,35
20140814,35
20140813,35
20140812,35
20140811,35
20140808,35
20140807,35
20140806,35
20140805,35
20140804,35
20140801,35
20140731,35
20140730,35
20140729,35
20140728,35
20140725,35
20140724,35
20140723,35
20140722,35
20140721,35
20140718,35
20140717,35
20140716,35
20140715,35
20140714,35
20140711,35
20140710,35
20140709,35
20140708,35
20140707,35
20140704,35
20140703,35
20140702,35
20140701,35
20140630,35
20140627,35
20140626,35
20140625,35
20140624,35
20140623,35
20140620,35
20140619,35
20140618,35
20140617,35.5
20140616,35.5
20140613,35.5
20140612,35.5
20140611,35.5
20140610,35.5
20140609,35.5
20140606,36
20140605,36
20140604,36
20140603,36
20140602,36
20140530,36
20140529,36
20140528,36
20140527,36
20140526,36
20140523,36
20140522,36
20140521,36
20140520,36
20140519,36
20140516,36
20140515,36
20140514,36
20140513,36
20140512,36
20140509,36
20140508,36
20140507,36
20140506,36
20140505,36
20140502,36
20140501,36
20140430,36
20140429,36
20140428,36
20140425,36
20140424,36
20140423,36
20140422,36
20140421,36
20140418,36
20140417,36
20140416,36
20140415,36
20140414,36
20140411,36
20140410,36
20140409,36
20140408,36
20140407,36
20140404,36
20140403,36
20140402,36
20140401,36
20140331,36
20140328,36
20140327,36
20140326,36
20140325,36
20140324,36
20140321,36
20140320,36
20140319,36
20140318,36
20140317,36
20140314,36
20140313,36
20140312,36
20140311,36
20140310,36
20140307,36
20140306,36
20140305,36
20140304,36
20140303,36
20140228,36
20140227,36
20140226,36
20140225,36
20140224,36
20140221,36
20140220,36
20140219,36
20140218,36
20140217,36
20140214,36
20140213,36
20140212,36
20140211,36
20140210,36
20140131,36
20140130,36
20140129,36
20140128,36
20140127,36
20140124,36
20140123,36
20140122,36
20140121,36
20140120,36
20140117,36
20140116,36
20140115,36
20140114,36
20140113,36
20140110,36
20140109,36
20140108,36
20140107,36
20140103,36
20140102,36
20140101,36
20131231,36
20131230,36
20131227,36
20131226,36
20131225,36
20131224,36
20131223,36
20131220,36
20131219,36
20131218,36
20131217,36
20131216,36
20131213,36
20131212,36
20131211,36
20131210,36
20131209,36
20131206,36
20131205,36
20131204,36
20131203,36
20131202,36
20131129,36
20131128,36
20131127,36
20131126,36
20131125,36
20131122,36
20131121,36
20131120,36
20131119,36
20131118,36
20131115,36
20131114,36
20131113,36
20131112,36
20131111,36
20131108,36
20131107,36
20131106,36
20131105,36
20131104,36
20131101,36
20131031,36
20131030,36.5
20131029,36.5
20131028,36.5
20131025,36.5
20131024,36.5
20131023,36.5
20131022,36.5
20131021,36.5
20131018,37
20131017,37
20131016,37
20131015,37
20131014,37
20131011,37
20131010,37
20131009,37
20131008,37
20131007,37
20131004,37
20131003,37
20131002,37
20131001,37
20130930,37
20130927,37
20130926,37
20130925,37
20130924,37
20130923,37
20130920,37
20130919,37
20130918,37
20130917,37
20130916,37
20130913,37
20130912,37
20130911,37
20130910,37
20130909,37
20130906,37
20130905,37
20130904,37
20130903,37
20130902,37
20130830,37
20130829,37
20130828,37
20130827,37
20130826,37
20130823,37
20130822,37
20130821,37
20130820,37
20130819,37
20130816,37
20130815,37
20130814,37
20130813,37
20130812,37
20130809,37
20130808,37
20130807,37
20130806,37
20130805,37.5
20130802,37.5
20130801,37.5
20130731,37.5
20130730,37.5
20130729,37.5
20130726,37.5
20130725,37.5
20130724,37.5
20130723,37.5
20130722,38
20130719,38
20130718,38
20130717,38
20130716,38
20130715,38
20130712,38
20130711,38
20130710,38
20130709,38
20130708,38
20130705,38
20130704,38.5
20130703,38.5
20130702,39
20130701,39
20130628,39
20130627,39
20130626,39
20130625,40
20130624,40
20130621,40
20130620,40
20130619,40
20130618,40
20130617,40
20130614,40
20130613,40
20130609,40
20130608,40
20130607,40
20130606,40
20130605,40
20130604,40
20130603,40
20130531,40
20130530,40
20130529,40
20130528,40
20130527,40
20130524,40
20130523,40
20130522,40
20130521,40.5
20130520,40.5
20130516,40.5
20130515,40.5
20130514,41
20130513,41
20130510,41
20130509,41
20130508,41
20130507,41
20130506,41
20130503,41
20130502,41
20130501,41
20130430,41
20130429,41
20130427,41
20130426,41
20130425,41
20130424,41
20130423,41
20130422,41
20130419,41
20130418,41
20130417,41
20130416,41
20130415,41
20130412,41
20130411,41
20130410,41
20130409,41
20130408,41
20130407,41
20130403,41
20130402,41
20130401,41
20130329,41
20130328,41
20130327,41
20130326,41
20130325,41
20130322,41
20130321,41
20130320,41
20130319,41
20130318,41
20130315,41
20130314,41
20130313,41
20130312,41
20130311,41
20130308,41
20130307,41
20130306,41
20130305,41
20130304,41
20130301,40.5
20130228,40.5
20130227,40.5
20130226,40.5
20130225,36
20130224,36
20130222,40.5
20130221,40.5
20130220,40.5
20130219,40.5
20130218,36
20130217,36
20130216,40.5
20130211,36
20130210,36
20130208,40.5
20130207,40.5
20130206,40.5
20130205,40.5
20130201,40.5
20130131,40.5
20130130,40.5
20130129,40.5
20130128,36
20130127,36
20130125,40.5
20130124,40.5
20130123,40.5
20130122,40.5
20130121,36
20130120,36
20130118,40.5
20130117,40.5
20130116,40.5
20130115,40.5
20130114,36
20130113,36
20130111,40.5
20130110,40.5
20130109,40.5
20130108,40.5
20130107,36
20130106,36
20130105,40.5
20130104,40.5
20121228,40.5
20121227,40.5
20121226,40.5
20121225,40.5
20121224,40.5
20121221,40.5
20121220,40.5
20121219,40.5
20121218,40.5
20121217,40.5
20121214,40.5
20121213,40.5
20121212,40.5
20121211,40.5
20121210,40.5
20121207,40.5
20121206,40.5
20121205,40.5
20121204,40.5
20121203,40.5
20121130,40.5
20121129,41
20121128,41
20121127,41
20121126,41
20121123,41
20121122,41
20121121,41
20121120,41
20121119,41
20121116,41
20121115,41
20121114,41
20121113,41
20121112,41
20121109,41
20121108,41
20121107,41
20121106,41
20121105,41
20121102,41
20121101,41
20121031,41
20121030,41
20121029,41
20121026,41
20121025,41
20121024,41
20121023,41
20121022,41
20121019,41
20121018,41
20121017,41
20121016,41
20121015,41
20121012,41
20121011,41
20121010,41
20121009,41
20121008,41
20120929,41
20120928,41
20120927,41
20120926,41
20120925,41
20120924,41
20120921,41
20120920,41
20120919,41
20120918,41
20120917,41
20120914,41
20120913,41
20120912,41
20120911,41
20120910,41
20120907,41
20120906,41
20120905,41
20120904,41
20120903,41
20120831,41
20120830,41
20120829,41
20120828,41
20120827,41
20120824,41
20120823,41
20120822,41
20120821,41
20120820,41
20120817,41
20120816,41
20120815,41
20120814,41
20120813,41
20120810,41
20120809,41
20120808,41
20120807,41
20120806,41
20120803,41
20120802,41
20120801,41
20120731,41
20120730,41
20120727,41
20120726,41
20120725,41
20120724,41
20120723,41
20120720,41
20120719,41
20120718,41
20120717,41
20120716,41
20120713,41
20120712,41
20120711,41
20120710,41
20120709,41
20120706,41
20120705,41
20120704,41
20120703,41
20120702,41
20120629,41
20120628,41
20120627,41
20120626,41
20120625,41
20120621,41
20120620,41
20120619,41
20120618,40.5
20120615,40.5
20120614,40.5
20120613,40.5
20120612,40.25
20120611,40
20120608,40
20120607,40
20120606,40
20120605,40
20120604,40
20120601,40
20120531,39.5
20120530,39.5
20120529,39
20120525,38.5
20120524,38.5
20120523,38.5
20120522,38.5
20120521,38.5
20120518,38.5
20120517,38
20120516,38
20120515,38
20120514,38
20120511,38
20120510,38
20120509,38
20120508,38
20120507,38
20120504,37.5
20120503,37.5
20120502,37.5
20120428,37.5
20120427,37.5
20120426,37.5
20120425,37.5
20120424,37.5
20120423,37.5
20120420,37
20120419,37
20120418,37
20120417,37
20120416,37
20120413,37
20120412,37
20120411,37
20120410,37
20120409,37
20120406,37
20120405,37
20120401,37
20120331,37
20120330,37
20120329,37
20120328,37
20120327,37
20120326,37
20120323,37
20120322,37
20120321,37
20120320,37
20120319,37
20120316,37
20120315,37
20120314,37
20120313,37
20120312,37
20120309,37
20120308,37
20120307,37
20120306,37
20120305,37
20120302,37
20120301,37
20120229,37
20120228,37
20120227,37
20120224,37
20120223,37
20120222,37
20120221,37
20120220,37
20120217,37
20120216,37
20120215,37
20120214,37
20120213,37
20120210,37
20120209,37
20120208,37
20120207,37
20120206,37
20120203,37
20120202,37
20120201,37
20120131,37
20120130,37
20120129,37
20120120,37
20120119,37
20120118,36.5
20120117,36.5
20120116,36.5
20120113,36.5
20120112,36.5
20120111,36.5
20120110,36.5
20120109,36.5
20120106,36
20120105,36
20120104,36
20111231,36
20111230,36
20111229,36
20111228,36
20111227,36
20111226,36
20111223,36
20111222,36
20111221,36
20111220,36
20111219,36
20111216,36
20111215,36
20111214,36
20111213,36
20111212,36
20111209,36
20111208,36
20111207,36
20111206,36
20111205,36
20111202,36
20111201,36
20111130,36
20111129,36
20111128,36
20111125,36
20111124,36
20111123,36
20111122,36
20111121,36
20111118,36
20111117,36
20111116,36
20111115,36
20111114,36
20111111,36
20111110,36
20111109,36
20111108,36
20111107,36
20111104,36
20111103,36
20111102,36
20111101,36
20111031,36
20111028,36
20111027,36
20111026,36
20111025,36
20111024,36
20111021,36
20111020,36
20111019,36
20111018,36
20111017,36
20111014,36
20111013,36
20111012,36
20111011,36
20111010,36
20111009,36
20111008,36
20110930,36
20110929,36
20110928,36
20110927,36
20110926,36
20110923,36
20110922,35.5
20110921,35.5
20110920,35.5
20110919,35.5
20110916,35.5
20110915,35.5
20110914,35.5
20110913,35.5
20110909,35.5
20110908,35.5
20110907,35.5
20110906,35.5
20110905,35.5
20110902,35.5
20110901,35.5
20110831,35.5
20110830,35.5
20110829,35.5
20110826,35
20110825,35
20110824,35
20110823,34.5
20110822,34.5
20110819,34
20110818,34
20110817,33
20110816,33
20110815,33
20110812,33
20110811,33
20110810,33
20110809,33
20110808,33
20110805,33
20110804,33
20110803,32.5
20110802,32.5
20110801,32
20110729,32
20110728,32
20110727,32
20110726,32
20110725,32
20110722,32
20110721,32
20110720,32
20110719,32
20110718,32
20110715,32
20110714,32
20110713,32
20110712,32
20110711,32
20110708,32
20110707,32
20110705,32
20110704,32
20110701,32
20110630,32
20110629,32
20110628,32
20110627,32
20110624,32
20110623,31
20110622,31
20110621,31
20110620,31
20110617,31
20110616,30.5
20110615,30.5
20110614,30.5
20110613,30.5
20110610,30
20110609,30
20110608,30
20110607,30
20110603,30
20110602,30
20110601,30
20110531,30
20110530,30
20110527,30
20110526,30
20110525,30
20110524,30
20110523,30
20110520,30
20110519,30
20110518,30
20110517,30
20110516,30
20110513,30
20110512,30
20110511,30
20110510,30
20110509,30
20110506,30
20110505,30
20110504,30
20110503,30
20110429,30.5
20110428,30.5
20110427,30.5
20110426,30.5
20110425,30.5
20110422,30.5
20110421,30.5
20110420,30.5
20110419,30.5
20110418,30.5
20110415,30.5
20110414,30.5
20110413,30.5
20110412,31
20110411,31
20110408,31
20110407,31
20110406,31
20110402,31
20110401,31
20110325,31
20110324,31
20110323,31
20110322,31
20110321,31
20110318,31
20110317,31
20110316,31
20110315,31
20110314,31
20110311,31
20110310,31
20110309,31
20110308,31
20110307,31
20110304,31
20110303,31
20110302,31
20110301,31
20110228,31
20110225,31
20110224,31
20110223,31
20110222,31
20110221,31
20110218,31
20110217,31
20110216,31
20110215,31
20110214,31
20110212,31
20110211,31
20110210,31
20110209,31
20110131,31
20110130,31
20110128,31
20110127,31
20110126,31
20110125,31
20110124,31
20110121,31
20110120,31
20110119,31
20110118,31
20110117,31
20110114,31
20110113,31
20110112,31
20110111,31
20110110,31
20110107,31
20110106,31
20110105,31
20110104,31
20101231,31
20101230,31
20101229,31
20101228,31
20101227,31
20101224,31
20101222,31
20101220,31
20101217,31
20101215,31
20101213,31
20101210,31
20101208,31
20101206,31
20101203,31
20101201,31
20101129,31
20101126,31
20101124,31
20101122,31.5
20101119,32
20101117,32
20101115,34
20101112,34
20101110,34
20101108,34
20101105,34
20101103,34
20101101,34
20101029,34
20101027,34
20101025,34
20101022,34
20101020,34
20101018,34
20101015,34
20101013,34
20101011,34
20101008,34
20100929,34.5
20100927,34.5
20100920,34.5
20100917,34.5
20100915,34.5
20100913,34.5
20100910,34.5
20100908,35
20100906,35
20100903,35
20100901,35
20100830,35
20100827,35
20100825,35
20100820,35
20100818,35
20100816,35
20100813,35
20100811,35
20100809,35
20100806,35
20100804,35
20100802,35
20100730,35
20100728,35
20100726,35
20100723,35
20100721,35
20100719,35
20100716,35
20100714,35
20100712,35.5
20100709,35.5
20100707,36
20100705,36.5
20100702,36.5
20100630,36.5
20100628,36.5
20100625,36.5
20100623,36.5
20100621,36.5
20100618,36.5
20100611,36.5
20100609,36.5
20100607,36.5
20100604,36.5
20100602,36.5
20100531,36.5
20100528,36.5
20100526,36.5
20100524,36.5
20100521,36.5
20100519,36.5
20100517,36.5
20100514,36.5
20100512,36.5
20100510,36.5
20100507,36.5
20100505,36.5
20100430,36.5
20100428,36.5
20100426,36.5
20100423,36.5
20100421,36.5
20100419,36.5
20100414,36.5
20100412,36.5
20100409,36.5
20100407,36.5
20100402,36.5
20100331,36.5
20100329,36.5
20100326,36.5
20100324,36.5
20100322,36.5
20100319,36.5
20100317,36.5
20100315,36.5
20100312,36.5
20100310,36
20100308,36
20100305,36
20100303,36
20100301,36
20100226,36
20100224,36
20100222,36
20100210,36
20100208,36
20100205,36
20100203,36
20100201,36
20100129,36
20100127,36
20100125,36
20100122,36
20100120,36
20100118,36
20100115,36
20100113,36
20100111,36
20100108,36
20100106,36
20100104,36
20091230,36
20091228,36
20091225,36
20091223,36
20091221,36
20091218,36
20091216,36
20091214,36
20091211,36
20091209,36
20091207,36
20091204,36
20091202,36
20091130,36
20091127,36
20091125,36
20091123,36
20091120,36
20091118,36
20091113,36
20091111,36
20091109,36
20091106,36
20091104,36
20091102,36
20091030,36
20091028,36
20091026,36
20091023,36
20091021,36
20091019,36
20091016,36
20091014,36
20091012,36
20091009,36
20090930,36
20090928,36
20090925,36
20090923,36
20090918,36
20090916,36
20090914,36
20090911,36
20090909,36
20090907,36
20090904,36
20090902,36
20090831,36
20090828,36
20090826,36
20090824,36
20090821,36
20090819,36
20090817,36
20090814,36
20090812,36
20090810,36
20090807,36
20090805,36
20090803,36
20090731,36
20090729,36
20090727,36
20090724,36
20090722,36
20090720,36
20090717,36
20090715,36
20090713,36
20090710,36
20090708,36
20090706,36
20090703,36
20090701,36
20090629,36
20090626,36
20090624,36
20090622,36
20090619,36
20090617,36
20090615,37
20090612,38
20090610,38
20090605,38
20090603,38
20090527,38
20090522,38
20090520,38
20090515,38
20090513,38
20090508,38
20090506,38
20090429,38
20090422,38
20090417,38
20090415,38
20090410,38
20090408,38
20090403,38
20090401,38
20090327,38
20090325,38
20090320,38
20090318,38
20090313,38
20090311,38
20090306,38
20090304,38
20090227,38
20090225,38
20090220,38
20090218,38
20090213,38
20090211,38
20090206,38
20090204,37
20090123,33
20090121,33
20090116,33
20090114,33
20090109,33
20090107,33
20081231,33
20081226,33
20081224,33
20081219,33
20081217,33
20081212,33
20081210,33
20081205,33
20081203,38
20081128,38
20081126,38
20081121,38
20081119,38
20081114,39
20081112,40
20081107,42
20081105,42
20081031,42
20081029,42
20081024,42
20081022,42
20081017,44
20081015,44
20081010,44
20081008,45
20080926,46
20080924,46
20080919,46
20080917,47
20080912,47
20080910,47
20080905,47
20080903,47
20080829,47
20080827,47
20080822,47
20080820,47
20080815,48
20080813,49
20080806,49
20080801,50
20080730,50
20080725,51
20080723,53
20080718,55
20080716,56
20080711,58
20080709,59
20080704,60
20080702,61
20080627,61
20080625,61
20080620,60
20080618,60
20080613,59
20080611,59
20080606,59
20080604,59
20080530,59
20080528,58
20080523,55
20080521,55
20080516,54
20080514,54
20080509,54
20080507,54
20080430,55
20080425,55
20080423,55
20080418,55
20080416,55
20080411,55
20080409,55
20080402,55
20080326,55
20080321,55
20080319,55
20080314,55
20080312,54
20080307,52
20080305,50
20080229,50
20080227,50
20080222,50
20080220,50
20080215,50
20080213,50
20080201,50
20080130,50
20080125,49
20080123,49
20080118,49
20080116,43
20080111,41
20080109,40
20080104,37
20080102,36
20071228,36
20071226,35
20071221,32
20071219,31
20071214,31
20071212,30.5
20071207,30
